{
  "best_global_step": null,
  "best_metric": null,
  "best_model_checkpoint": null,
  "epoch": 1.0,
  "eval_steps": 500,
  "global_step": 32,
  "is_hyper_param_search": false,
  "is_local_process_zero": true,
  "is_world_process_zero": true,
  "log_history": [
    {
      "entropy": 0.9190608732402324,
      "epoch": 0.32,
      "grad_norm": 0.12462837994098663,
      "learning_rate": 0.00017431448254773944,
      "loss": 1.3893731117248536,
      "mean_token_accuracy": 0.7468142606317997,
      "num_tokens": 71293.0,
      "step": 10
    },
    {
      "entropy": 0.797987324744463,
      "epoch": 0.64,
      "grad_norm": 0.25093749165534973,
      "learning_rate": 7.920883091822408e-5,
      "loss": 0.9211796760559082,
      "mean_token_accuracy": 0.8090656012296676,
      "num_tokens": 144439.0,
      "step": 20
    },
    {
      "entropy": 0.7169690988957882,
      "epoch": 0.96,
      "grad_norm": 0.1573328971862793,
      "learning_rate": 4.8943483704846475e-6,
      "loss": 0.7283020973205566,
      "mean_token_accuracy": 0.841522467136383,
      "num_tokens": 217028.0,
      "step": 30
    }
  ],
  "logging_steps": 10,
  "max_steps": 32,
  "num_input_tokens_seen": 0,
  "num_train_epochs": 1,
  "save_steps": 500,
  "stateful_callbacks": {
    "TrainerControl": {
      "args": {
        "should_epoch_stop": false,
        "should_evaluate": false,
        "should_log": false,
        "should_save": true,
        "should_training_stop": true
      },
      "attributes": {}
    }
  },
  "total_flos": 2343918644858880.0,
  "train_batch_size": 4,
  "trial_name": null,
  "trial_params": null
}
