{
  "best_global_step": null,
  "best_metric": null,
  "best_model_checkpoint": null,
  "epoch": 1.0,
  "eval_steps": 500,
  "global_step": 32,
  "is_hyper_param_search": false,
  "is_local_process_zero": true,
  "is_world_process_zero": true,
  "log_history": [
    {
      "entropy": 0.9171126961708069,
      "epoch": 0.32,
      "grad_norm": 0.11522796750068665,
      "learning_rate": 0.00017431448254773944,
      "loss": 1.3900147438049317,
      "mean_token_accuracy": 0.7459513068199157,
      "num_tokens": 71293.0,
      "step": 10
    },
    {
      "entropy": 0.7986074805259704,
      "epoch": 0.64,
      "grad_norm": 0.20442906022071838,
      "learning_rate": 7.920883091822408e-5,
      "loss": 0.9260400772094727,
      "mean_token_accuracy": 0.8107602059841156,
      "num_tokens": 144439.0,
      "step": 20
    },
    {
      "entropy": 0.723840544372797,
      "epoch": 0.96,
      "grad_norm": 0.1531420797109604,
      "learning_rate": 4.8943483704846475e-6,
      "loss": 0.737960958480835,
      "mean_token_accuracy": 0.83554053530097,
      "num_tokens": 217028.0,
      "step": 30
    }
  ],
  "logging_steps": 10,
  "max_steps": 32,
  "num_input_tokens_seen": 0,
  "num_train_epochs": 1,
  "save_steps": 500,
  "stateful_callbacks": {
    "TrainerControl": {
      "args": {
        "should_epoch_stop": false,
        "should_evaluate": false,
        "should_log": false,
        "should_save": true,
        "should_training_stop": true
      },
      "attributes": {}
    }
  },
  "total_flos": 2343918644858880.0,
  "train_batch_size": 4,
  "trial_name": null,
  "trial_params": null
}
