{
  "best_global_step": null,
  "best_metric": null,
  "best_model_checkpoint": null,
  "epoch": 1.0,
  "eval_steps": 500,
  "global_step": 32,
  "is_hyper_param_search": false,
  "is_local_process_zero": true,
  "is_world_process_zero": true,
  "log_history": [
    {
      "entropy": 0.9162123583257198,
      "epoch": 0.32,
      "grad_norm": 0.1223134994506836,
      "learning_rate": 0.00017431448254773944,
      "loss": 1.3903783798217773,
      "mean_token_accuracy": 0.7464276298880577,
      "num_tokens": 71293.0,
      "step": 10
    },
    {
      "entropy": 0.8001764610409736,
      "epoch": 0.64,
      "grad_norm": 0.18658538162708282,
      "learning_rate": 7.920883091822408e-5,
      "loss": 0.9209588050842286,
      "mean_token_accuracy": 0.8133920319378376,
      "num_tokens": 144439.0,
      "step": 20
    },
    {
      "entropy": 0.7109519667923451,
      "epoch": 0.96,
      "grad_norm": 0.19144295156002045,
      "learning_rate": 4.8943483704846475e-6,
      "loss": 0.7278133869171143,
      "mean_token_accuracy": 0.8376888208091259,
      "num_tokens": 217028.0,
      "step": 30
    }
  ],
  "logging_steps": 10,
  "max_steps": 32,
  "num_input_tokens_seen": 0,
  "num_train_epochs": 1,
  "save_steps": 500,
  "stateful_callbacks": {
    "TrainerControl": {
      "args": {
        "should_epoch_stop": false,
        "should_evaluate": false,
        "should_log": false,
        "should_save": true,
        "should_training_stop": true
      },
      "attributes": {}
    }
  },
  "total_flos": 2343918644858880.0,
  "train_batch_size": 4,
  "trial_name": null,
  "trial_params": null
}
