{
  "best_global_step": null,
  "best_metric": null,
  "best_model_checkpoint": null,
  "epoch": 1.0,
  "eval_steps": 500,
  "global_step": 32,
  "is_hyper_param_search": false,
  "is_local_process_zero": true,
  "is_world_process_zero": true,
  "log_history": [
    {
      "entropy": 0.921472828835249,
      "epoch": 0.32,
      "grad_norm": 0.11825915426015854,
      "learning_rate": 0.00017431448254773944,
      "loss": 1.3887899398803711,
      "mean_token_accuracy": 0.7457877211272717,
      "num_tokens": 71161.0,
      "step": 10
    },
    {
      "entropy": 0.7966062366962433,
      "epoch": 0.64,
      "grad_norm": 0.19377003610134125,
      "learning_rate": 7.920883091822408e-5,
      "loss": 0.9206918716430664,
      "mean_token_accuracy": 0.8121224105358124,
      "num_tokens": 144152.0,
      "step": 20
    },
    {
      "entropy": 0.7119242355227471,
      "epoch": 0.96,
      "grad_norm": 0.15065079927444458,
      "learning_rate": 4.8943483704846475e-6,
      "loss": 0.7255943298339844,
      "mean_token_accuracy": 0.8392501272261143,
      "num_tokens": 216465.0,
      "step": 30
    }
  ],
  "logging_steps": 10,
  "max_steps": 32,
  "num_input_tokens_seen": 0,
  "num_train_epochs": 1,
  "save_steps": 500,
  "stateful_callbacks": {
    "TrainerControl": {
      "args": {
        "should_epoch_stop": false,
        "should_evaluate": false,
        "should_log": false,
        "should_save": true,
        "should_training_stop": true
      },
      "attributes": {}
    }
  },
  "total_flos": 2336106527723520.0,
  "train_batch_size": 4,
  "trial_name": null,
  "trial_params": null
}
