{
  "best_global_step": null,
  "best_metric": null,
  "best_model_checkpoint": null,
  "epoch": 1.0,
  "eval_steps": 500,
  "global_step": 32,
  "is_hyper_param_search": false,
  "is_local_process_zero": true,
  "is_world_process_zero": true,
  "log_history": [
    {
      "entropy": 0.9268719132989645,
      "epoch": 0.32,
      "grad_norm": 0.06094823032617569,
      "learning_rate": 0.00017431448254773944,
      "loss": 1.366926383972168,
      "mean_token_accuracy": 0.7434925578534604,
      "num_tokens": 71583.0,
      "step": 10
    },
    {
      "entropy": 0.8068144798278809,
      "epoch": 0.64,
      "grad_norm": 0.11796650290489197,
      "learning_rate": 7.920883091822408e-5,
      "loss": 0.8984856605529785,
      "mean_token_accuracy": 0.8135343737900257,
      "num_tokens": 145015.0,
      "step": 20
    },
    {
      "entropy": 0.71954743899405,
      "epoch": 0.96,
      "grad_norm": 0.08058110624551773,
      "learning_rate": 4.8943483704846475e-6,
      "loss": 0.7104618072509765,
      "mean_token_accuracy": 0.8412490017712116,
      "num_tokens": 217867.0,
      "step": 30
    }
  ],
  "logging_steps": 10,
  "max_steps": 32,
  "num_input_tokens_seen": 0,
  "num_train_epochs": 1,
  "save_steps": 500,
  "stateful_callbacks": {
    "TrainerControl": {
      "args": {
        "should_epoch_stop": false,
        "should_evaluate": false,
        "should_log": false,
        "should_save": true,
        "should_training_stop": true
      },
      "attributes": {}
    }
  },
  "total_flos": 2069848785438720.0,
  "train_batch_size": 2,
  "trial_name": null,
  "trial_params": null
}
