{
  "train_sizes": [0, 1000, 3000],
  "accuracies": [0.43, 0.35, 0.49],
  "training_times": [0.0, 1897.67223238945, 7526.634464979172]
}
