{
  "train_sizes": [0, 1000, 3000],
  "accuracies": [0.44, 0.4, 0.49],
  "training_times": [0.0, 1234.8582022190094, 7009.310907125473]
}
